{
  "Signal.State set/get (100 ops)": {
    "name": "Signal.State set/get (100 ops)",
    "mean": 0.013024949999999364,
    "stddev": 0.004847489431396243,
    "median": 0.011548000000004777,
    "min": 0.009179000000003157,
    "max": 0.04553999999999547,
    "iterations": 100,
    "opsPerSec": 76775.72658628623
  },
  "Signal.Computed derivation": {
    "name": "Signal.Computed derivation",
    "mean": 0.01068786999999972,
    "stddev": 0.005033091476726635,
    "median": 0.010107999999988238,
    "min": 0.006916000000003919,
    "max": 0.050651999999999475,
    "iterations": 100,
    "opsPerSec": 93564.01228682854
  },
  "Signal.Watcher (100 updates)": {
    "name": "Signal.Watcher (100 updates)",
    "mean": 0.038860180000000216,
    "stddev": 0.07699854840337961,
    "median": 0.02569799999999134,
    "min": 0.02081900000000303,
    "max": 0.6036440000000027,
    "iterations": 100,
    "opsPerSec": 25733.28275885481
  },
  "Simple div element": {
    "name": "Simple div element",
    "mean": 0.002483119999999843,
    "stddev": 0.0005347444301727959,
    "median": 0.0023320000000097707,
    "min": 0.0020809999999897855,
    "max": 0.006565000000009036,
    "iterations": 100,
    "opsPerSec": 402719.1597667705
  },
  "Element with 5 children": {
    "name": "Element with 5 children",
    "mean": 0.006510960000000523,
    "stddev": 0.0061270311308491525,
    "median": 0.005751000000003614,
    "min": 0.005082000000001585,
    "max": 0.06694799999999645,
    "iterations": 100,
    "opsPerSec": 153587.18222810762
  },
  "Deep tree (depth=5)": {
    "name": "Deep tree (depth=5)",
    "mean": 0.013077930000000465,
    "stddev": 0.05238461534577803,
    "median": 0.0051059999999978345,
    "min": 0.0040000000000048885,
    "max": 0.4397919999999971,
    "iterations": 100,
    "opsPerSec": 76464.7004533565
  },
  "Wide tree (breadth=20)": {
    "name": "Wide tree (breadth=20)",
    "mean": 0.01936888000000053,
    "stddev": 0.04283113250342106,
    "median": 0.014812000000006265,
    "min": 0.013398000000009347,
    "max": 0.444777000000002,
    "iterations": 100,
    "opsPerSec": 51629.21139477206
  }
}