{
  "Signal.State set/get (100 ops)": {
    "name": "Signal.State set/get (100 ops)",
    "mean": 0.014319610000000437,
    "stddev": 0.006477614142406259,
    "median": 0.012349999999997863,
    "min": 0.009423999999995658,
    "max": 0.05472799999999722,
    "iterations": 100,
    "opsPerSec": 69834.30414654934
  },
  "Signal.Computed derivation": {
    "name": "Signal.Computed derivation",
    "mean": 0.011640560000000875,
    "stddev": 0.005004532977850461,
    "median": 0.012452000000010344,
    "min": 0.00767999999999347,
    "max": 0.0486529999999874,
    "iterations": 100,
    "opsPerSec": 85906.51996123252
  },
  "Signal.Watcher (100 updates)": {
    "name": "Signal.Watcher (100 updates)",
    "mean": 0.03659120000000016,
    "stddev": 0.05682746310227208,
    "median": 0.026044000000013057,
    "min": 0.021119999999996253,
    "max": 0.44600100000000964,
    "iterations": 100,
    "opsPerSec": 27328.975272743053
  },
  "Simple div element": {
    "name": "Simple div element",
    "mean": 0.0025718400000005206,
    "stddev": 0.0007002055800979277,
    "median": 0.0024219999999957054,
    "min": 0.002060999999997648,
    "max": 0.007852999999997223,
    "iterations": 100,
    "opsPerSec": 388826.6766205509
  },
  "Element with 5 children": {
    "name": "Element with 5 children",
    "mean": 0.006484090000000009,
    "stddev": 0.004566137915339311,
    "median": 0.0057910000000021,
    "min": 0.005431000000001518,
    "max": 0.048243999999996845,
    "iterations": 100,
    "opsPerSec": 154223.64587783307
  },
  "Deep tree (depth=5)": {
    "name": "Deep tree (depth=5)",
    "mean": 0.009994860000000187,
    "stddev": 0.03725015959295219,
    "median": 0.004754000000005476,
    "min": 0.0035900000000026466,
    "max": 0.37014800000000037,
    "iterations": 100,
    "opsPerSec": 100051.42643318478
  },
  "Wide tree (breadth=20)": {
    "name": "Wide tree (breadth=20)",
    "mean": 0.01715131999999926,
    "stddev": 0.030255985996453315,
    "median": 0.01381200000000149,
    "min": 0.013330999999993765,
    "max": 0.31774199999999553,
    "iterations": 100,
    "opsPerSec": 58304.55032032772
  }
}