{
  "Signal.State set/get (100 ops)": {
    "name": "Signal.State set/get (100 ops)",
    "mean": 0.024033959999999722,
    "stddev": 0.03489285516203001,
    "median": 0.01785299999998813,
    "min": 0.010305999999999926,
    "max": 0.35646500000000003,
    "iterations": 100,
    "opsPerSec": 41607.79164149443
  },
  "Signal.Computed derivation": {
    "name": "Signal.Computed derivation",
    "mean": 0.011605369999999766,
    "stddev": 0.005730517548450021,
    "median": 0.009472000000002367,
    "min": 0.007373999999998659,
    "max": 0.0485660000000081,
    "iterations": 100,
    "opsPerSec": 86167.00716995841
  },
  "Signal.Watcher (100 updates)": {
    "name": "Signal.Watcher (100 updates)",
    "mean": 0.038015270000000496,
    "stddev": 0.06342576804909084,
    "median": 0.02535899999999458,
    "min": 0.0214030000000065,
    "max": 0.5010599999999954,
    "iterations": 100,
    "opsPerSec": 26305.218929129976
  },
  "Simple div element": {
    "name": "Simple div element",
    "mean": 0.0026330700000005438,
    "stddev": 0.0008086342962664033,
    "median": 0.0024920000000037135,
    "min": 0.0021459999999962065,
    "max": 0.009751999999991767,
    "iterations": 100,
    "opsPerSec": 379784.813924352
  },
  "Element with 5 children": {
    "name": "Element with 5 children",
    "mean": 0.0065943299999997864,
    "stddev": 0.005382148193900655,
    "median": 0.005857999999989261,
    "min": 0.005480999999988967,
    "max": 0.05806200000000672,
    "iterations": 100,
    "opsPerSec": 151645.42872437875
  },
  "Deep tree (depth=5)": {
    "name": "Deep tree (depth=5)",
    "mean": 0.009176360000000017,
    "stddev": 0.036713008454910594,
    "median": 0.004965999999996029,
    "min": 0.0044189999999986185,
    "max": 0.37204899999998986,
    "iterations": 100,
    "opsPerSec": 108975.67227092205
  },
  "Wide tree (breadth=20)": {
    "name": "Wide tree (breadth=20)",
    "mean": 0.0302862599999996,
    "stddev": 0.09442231059094305,
    "median": 0.01542100000000346,
    "min": 0.013942999999997596,
    "max": 0.8454470000000072,
    "iterations": 100,
    "opsPerSec": 33018.27297262895
  }
}