{
  "Signal.State set/get (100 ops)": {
    "name": "Signal.State set/get (100 ops)",
    "mean": 0.014791500000000256,
    "stddev": 0.005633080566617648,
    "median": 0.012971999999997763,
    "min": 0.009084000000001424,
    "max": 0.04844500000000096,
    "iterations": 100,
    "opsPerSec": 67606.39556501928
  },
  "Signal.Computed derivation": {
    "name": "Signal.Computed derivation",
    "mean": 0.013404820000000796,
    "stddev": 0.008486104572040845,
    "median": 0.012973999999999819,
    "min": 0.008511999999996078,
    "max": 0.08678000000000452,
    "iterations": 100,
    "opsPerSec": 74600.03192880923
  },
  "Signal.Watcher (100 updates)": {
    "name": "Signal.Watcher (100 updates)",
    "mean": 0.04261075999999903,
    "stddev": 0.07303936022914195,
    "median": 0.027478000000002112,
    "min": 0.023996999999994273,
    "max": 0.5881499999999988,
    "iterations": 100,
    "opsPerSec": 23468.250742301305
  },
  "Simple div element": {
    "name": "Simple div element",
    "mean": 0.0028757500000000393,
    "stddev": 0.0006447723687470144,
    "median": 0.002765999999994051,
    "min": 0.002476000000001477,
    "max": 0.008422999999993408,
    "iterations": 100,
    "opsPerSec": 347735.3733808524
  },
  "Element with 5 children": {
    "name": "Element with 5 children",
    "mean": 0.007308239999998989,
    "stddev": 0.006460222312149339,
    "median": 0.006281000000001313,
    "min": 0.005769000000000801,
    "max": 0.06680899999999212,
    "iterations": 100,
    "opsPerSec": 136831.85007609744
  },
  "Deep tree (depth=5)": {
    "name": "Deep tree (depth=5)",
    "mean": 0.010113870000000276,
    "stddev": 0.03364658545399697,
    "median": 0.005281999999994014,
    "min": 0.004290999999994938,
    "max": 0.3411260000000027,
    "iterations": 100,
    "opsPerSec": 98874.12039110377
  },
  "Wide tree (breadth=20)": {
    "name": "Wide tree (breadth=20)",
    "mean": 0.0197807499999999,
    "stddev": 0.040220413511394486,
    "median": 0.015123000000002662,
    "min": 0.014314000000013039,
    "max": 0.41918700000000797,
    "iterations": 100,
    "opsPerSec": 50554.20042212783
  }
}