{
  "Signal.State set/get (100 ops)": {
    "name": "Signal.State set/get (100 ops)",
    "mean": 0.019845040000000154,
    "stddev": 0.007725502413331887,
    "median": 0.016728999999997995,
    "min": 0.015253000000001293,
    "max": 0.059241999999997574,
    "iterations": 100,
    "opsPerSec": 50390.42501300034
  },
  "Signal.Computed derivation": {
    "name": "Signal.Computed derivation",
    "mean": 0.010773949999999815,
    "stddev": 0.004003939740743685,
    "median": 0.01077399999999784,
    "min": 0.007007999999999015,
    "max": 0.034782000000006974,
    "iterations": 100,
    "opsPerSec": 92816.46935432382
  },
  "Signal.Watcher (100 updates)": {
    "name": "Signal.Watcher (100 updates)",
    "mean": 0.05445650000000114,
    "stddev": 0.128871206081847,
    "median": 0.02787800000000118,
    "min": 0.021938000000005786,
    "max": 1.2167239999999993,
    "iterations": 100,
    "opsPerSec": 18363.280783744438
  },
  "Simple div element": {
    "name": "Simple div element",
    "mean": 0.0031846799999996735,
    "stddev": 0.0035817444182413803,
    "median": 0.0025279999999980873,
    "min": 0.0021079999999926713,
    "max": 0.03419700000000603,
    "iterations": 100,
    "opsPerSec": 314003.2907545193
  },
  "Element with 5 children": {
    "name": "Element with 5 children",
    "mean": 0.006529749999999552,
    "stddev": 0.00432810662154966,
    "median": 0.005736999999996328,
    "min": 0.005386000000001445,
    "max": 0.04463400000000206,
    "iterations": 100,
    "opsPerSec": 153145.21995483266
  },
  "Deep tree (depth=5)": {
    "name": "Deep tree (depth=5)",
    "mean": 0.00925514000000021,
    "stddev": 0.038089803463923294,
    "median": 0.004790999999997325,
    "min": 0.004488000000009151,
    "max": 0.3860819999999876,
    "iterations": 100,
    "opsPerSec": 108048.06842467832
  },
  "Wide tree (breadth=20)": {
    "name": "Wide tree (breadth=20)",
    "mean": 0.020325209999999743,
    "stddev": 0.03293405338773059,
    "median": 0.014992000000006556,
    "min": 0.013408999999995785,
    "max": 0.335803999999996,
    "iterations": 100,
    "opsPerSec": 49199.98366560605
  }
}