{
  "Signal.State set/get (100 ops)": {
    "name": "Signal.State set/get (100 ops)",
    "mean": 0.016822140000000305,
    "stddev": 0.00519932826242052,
    "median": 0.01477400000000273,
    "min": 0.01327999999999463,
    "max": 0.04329800000000006,
    "iterations": 100,
    "opsPerSec": 59445.468888023875
  },
  "Signal.Computed derivation": {
    "name": "Signal.Computed derivation",
    "mean": 0.009930019999999616,
    "stddev": 0.003338044909764284,
    "median": 0.010092000000000212,
    "min": 0.006581999999994537,
    "max": 0.024578000000005318,
    "iterations": 100,
    "opsPerSec": 100704.73171252814
  },
  "Signal.Watcher (100 updates)": {
    "name": "Signal.Watcher (100 updates)",
    "mean": 0.08759572999999904,
    "stddev": 0.440614264300983,
    "median": 0.030647000000001867,
    "min": 0.023286999999996283,
    "max": 4.437063999999992,
    "iterations": 100,
    "opsPerSec": 11416.081582972265
  },
  "Simple div element": {
    "name": "Simple div element",
    "mean": 0.0029068599999997956,
    "stddev": 0.0032367862364383014,
    "median": 0.0023479999999977963,
    "min": 0.002009999999998513,
    "max": 0.03370199999999102,
    "iterations": 100,
    "opsPerSec": 344013.81559485843
  },
  "Element with 5 children": {
    "name": "Element with 5 children",
    "mean": 0.006365390000000843,
    "stddev": 0.004003051328412054,
    "median": 0.005622999999999934,
    "min": 0.005207999999996105,
    "max": 0.04117700000000468,
    "iterations": 100,
    "opsPerSec": 157099.56499128373
  },
  "Deep tree (depth=5)": {
    "name": "Deep tree (depth=5)",
    "mean": 0.009018690000000901,
    "stddev": 0.03854114847787855,
    "median": 0.0046629999999936445,
    "min": 0.004313000000010447,
    "max": 0.39088999999999885,
    "iterations": 100,
    "opsPerSec": 110880.84854894668
  },
  "Wide tree (breadth=20)": {
    "name": "Wide tree (breadth=20)",
    "mean": 0.021294959999999464,
    "stddev": 0.03452995123278324,
    "median": 0.014814000000001215,
    "min": 0.01412899999999695,
    "max": 0.32356299999999294,
    "iterations": 100,
    "opsPerSec": 46959.468343684384
  }
}