{
  "Signal.State set/get (100 ops)": {
    "name": "Signal.State set/get (100 ops)",
    "mean": 0.02109247000000039,
    "stddev": 0.008171236247294014,
    "median": 0.017943000000002485,
    "min": 0.015557000000001153,
    "max": 0.05707800000000418,
    "iterations": 100,
    "opsPerSec": 47410.28433369736
  },
  "Signal.Computed derivation": {
    "name": "Signal.Computed derivation",
    "mean": 0.011485420000000204,
    "stddev": 0.004738147695418363,
    "median": 0.011839000000009037,
    "min": 0.007381999999992672,
    "max": 0.03561700000000201,
    "iterations": 100,
    "opsPerSec": 87066.90743568649
  },
  "Signal.Watcher (100 updates)": {
    "name": "Signal.Watcher (100 updates)",
    "mean": 0.07610720000000086,
    "stddev": 0.17876335165838608,
    "median": 0.03351200000000176,
    "min": 0.029914000000005103,
    "max": 1.7018360000000001,
    "iterations": 100,
    "opsPerSec": 13139.361321924715
  },
  "Simple div element": {
    "name": "Simple div element",
    "mean": 0.0029969600000005416,
    "stddev": 0.0029806819015791705,
    "median": 0.0023709999999965703,
    "min": 0.002105999999997721,
    "max": 0.024884000000000128,
    "iterations": 100,
    "opsPerSec": 333671.45373972936
  },
  "Element with 5 children": {
    "name": "Element with 5 children",
    "mean": 0.006838450000000194,
    "stddev": 0.00527274017257686,
    "median": 0.005882999999997196,
    "min": 0.005380999999999858,
    "max": 0.0539190000000076,
    "iterations": 100,
    "opsPerSec": 146231.96777047016
  },
  "Deep tree (depth=5)": {
    "name": "Deep tree (depth=5)",
    "mean": 0.009297329999999987,
    "stddev": 0.03814383780299409,
    "median": 0.004813999999996099,
    "min": 0.004407999999997969,
    "max": 0.38637400000000355,
    "iterations": 100,
    "opsPerSec": 107557.76120671217
  },
  "Wide tree (breadth=20)": {
    "name": "Wide tree (breadth=20)",
    "mean": 0.022775390000000187,
    "stddev": 0.042489006586856184,
    "median": 0.01594599999999957,
    "min": 0.014489999999995007,
    "max": 0.41977500000000134,
    "iterations": 100,
    "opsPerSec": 43907.041767451265
  }
}