{
  "Signal.State set/get (100 ops)": {
    "name": "Signal.State set/get (100 ops)",
    "mean": 0.023795080000001433,
    "stddev": 0.014207425370333445,
    "median": 0.01961800000000835,
    "min": 0.015883000000002312,
    "max": 0.11033899999999619,
    "iterations": 100,
    "opsPerSec": 42025.49434588746
  },
  "Signal.Computed derivation": {
    "name": "Signal.Computed derivation",
    "mean": 0.012110739999999539,
    "stddev": 0.005378455251501192,
    "median": 0.01183799999999735,
    "min": 0.0076700000000045065,
    "max": 0.04058100000000309,
    "iterations": 100,
    "opsPerSec": 82571.33750704236
  },
  "Signal.Watcher (100 updates)": {
    "name": "Signal.Watcher (100 updates)",
    "mean": 0.16475871000000042,
    "stddev": 0.6388681595992911,
    "median": 0.03481500000000892,
    "min": 0.027543000000008533,
    "max": 4.969539999999995,
    "iterations": 100,
    "opsPerSec": 6069.481850155282
  },
  "Simple div element": {
    "name": "Simple div element",
    "mean": 0.003416930000000633,
    "stddev": 0.002569071284550189,
    "median": 0.0029889999999994643,
    "min": 0.0025760000000047967,
    "max": 0.027281999999999584,
    "iterations": 100,
    "opsPerSec": 292660.370566507
  },
  "Element with 5 children": {
    "name": "Element with 5 children",
    "mean": 0.01784529000000049,
    "stddev": 0.0988647377438783,
    "median": 0.00695899999999483,
    "min": 0.005745000000004552,
    "max": 0.9990499999999969,
    "iterations": 100,
    "opsPerSec": 56037.19524871676
  },
  "Deep tree (depth=5)": {
    "name": "Deep tree (depth=5)",
    "mean": 0.01681494999999984,
    "stddev": 0.10925035353392415,
    "median": 0.004970000000000141,
    "min": 0.004511000000007925,
    "max": 1.1017499999999956,
    "iterations": 100,
    "opsPerSec": 59470.88751379038
  },
  "Wide tree (breadth=20)": {
    "name": "Wide tree (breadth=20)",
    "mean": 0.029168389999999107,
    "stddev": 0.08040871111302571,
    "median": 0.015235000000004106,
    "min": 0.013776000000007116,
    "max": 0.6944210000000055,
    "iterations": 100,
    "opsPerSec": 34283.68860948549
  }
}