{
  "Signal.State set/get (100 ops)": {
    "name": "Signal.State set/get (100 ops)",
    "mean": 0.016861109999999898,
    "stddev": 0.00553808549752595,
    "median": 0.014933999999996672,
    "min": 0.013297999999998922,
    "max": 0.04486800000000102,
    "iterations": 100,
    "opsPerSec": 59308.07639591973
  },
  "Signal.Computed derivation": {
    "name": "Signal.Computed derivation",
    "mean": 0.01076511000000039,
    "stddev": 0.004269629025794859,
    "median": 0.0093169999999958,
    "min": 0.007105999999993173,
    "max": 0.03216400000000874,
    "iterations": 100,
    "opsPerSec": 92892.68758052298
  },
  "Signal.Watcher (100 updates)": {
    "name": "Signal.Watcher (100 updates)",
    "mean": 0.05451822000000035,
    "stddev": 0.12883683695989825,
    "median": 0.028052999999999884,
    "min": 0.024225000000001273,
    "max": 1.217216999999991,
    "iterations": 100,
    "opsPerSec": 18342.491739458725
  },
  "Simple div element": {
    "name": "Simple div element",
    "mean": 0.0029702100000010036,
    "stddev": 0.002896131044323827,
    "median": 0.002285999999998012,
    "min": 0.0019989999999978636,
    "max": 0.02326999999999657,
    "iterations": 100,
    "opsPerSec": 336676.5312889197
  },
  "Element with 5 children": {
    "name": "Element with 5 children",
    "mean": 0.006421599999999045,
    "stddev": 0.00403934535042505,
    "median": 0.005636999999993009,
    "min": 0.005330000000000723,
    "max": 0.04100400000000093,
    "iterations": 100,
    "opsPerSec": 155724.43004860915
  },
  "Deep tree (depth=5)": {
    "name": "Deep tree (depth=5)",
    "mean": 0.005316109999999696,
    "stddev": 0.0036212836809482894,
    "median": 0.004658999999989533,
    "min": 0.004379000000000133,
    "max": 0.0357050000000072,
    "iterations": 100,
    "opsPerSec": 188107.46955951946
  },
  "Wide tree (breadth=20)": {
    "name": "Wide tree (breadth=20)",
    "mean": 0.020154590000001776,
    "stddev": 0.0348373040639179,
    "median": 0.013728000000000407,
    "min": 0.013227999999998019,
    "max": 0.3527899999999988,
    "iterations": 100,
    "opsPerSec": 49616.489345598784
  }
}