{
  "Signal.State set/get (100 ops)": {
    "name": "Signal.State set/get (100 ops)",
    "mean": 0.011746130000000576,
    "stddev": 0.004649426249882642,
    "median": 0.01028999999999769,
    "min": 0.00826000000000704,
    "max": 0.04322100000000262,
    "iterations": 100,
    "opsPerSec": 85134.42299718724
  },
  "Signal.Computed derivation": {
    "name": "Signal.Computed derivation",
    "mean": 0.009964170000000366,
    "stddev": 0.004403490695016464,
    "median": 0.010476000000011254,
    "min": 0.006619000000000597,
    "max": 0.04135599999999329,
    "iterations": 100,
    "opsPerSec": 100359.58840525235
  },
  "Signal.Watcher (100 updates)": {
    "name": "Signal.Watcher (100 updates)",
    "mean": 0.042598840000000276,
    "stddev": 0.06260490340951237,
    "median": 0.02662499999999568,
    "min": 0.019867000000004964,
    "max": 0.4818649999999991,
    "iterations": 100,
    "opsPerSec": 23474.817624141724
  },
  "Simple div element": {
    "name": "Simple div element",
    "mean": 0.0023759400000007247,
    "stddev": 0.0007955209465510158,
    "median": 0.0021959999999978663,
    "min": 0.00196499999999844,
    "max": 0.007927000000009343,
    "iterations": 100,
    "opsPerSec": 420886.0493108812
  },
  "Element with 5 children": {
    "name": "Element with 5 children",
    "mean": 0.006073259999999578,
    "stddev": 0.004262976614105362,
    "median": 0.00544800000000123,
    "min": 0.0050829999999990605,
    "max": 0.04593700000000922,
    "iterations": 100,
    "opsPerSec": 164656.21429019494
  },
  "Deep tree (depth=5)": {
    "name": "Deep tree (depth=5)",
    "mean": 0.0074882400000009855,
    "stddev": 0.02830163144842438,
    "median": 0.004260999999999626,
    "min": 0.0039119999999996935,
    "max": 0.28751700000000824,
    "iterations": 100,
    "opsPerSec": 133542.72833133934
  },
  "Wide tree (breadth=20)": {
    "name": "Wide tree (breadth=20)",
    "mean": 0.015598930000000025,
    "stddev": 0.03528443003259544,
    "median": 0.01178600000000074,
    "min": 0.011437000000000808,
    "max": 0.36652200000000335,
    "iterations": 100,
    "opsPerSec": 64106.961182593834
  }
}