{
  "Signal.State set/get (100 ops)": {
    "name": "Signal.State set/get (100 ops)",
    "mean": 0.014506840000000238,
    "stddev": 0.006084202902139737,
    "median": 0.012299999999996203,
    "min": 0.009525999999993928,
    "max": 0.051591999999999416,
    "iterations": 100,
    "opsPerSec": 68932.99988143411
  },
  "Signal.Computed derivation": {
    "name": "Signal.Computed derivation",
    "mean": 0.010599180000000104,
    "stddev": 0.0044488453386913795,
    "median": 0.011452999999988833,
    "min": 0.006809000000004062,
    "max": 0.041158999999993284,
    "iterations": 100,
    "opsPerSec": 94346.92117692032
  },
  "Signal.Watcher (100 updates)": {
    "name": "Signal.Watcher (100 updates)",
    "mean": 0.0743185299999996,
    "stddev": 0.3799201135614806,
    "median": 0.026809000000000083,
    "min": 0.022064000000000306,
    "max": 3.82441399999999,
    "iterations": 100,
    "opsPerSec": 13455.594452689056
  },
  "Simple div element": {
    "name": "Simple div element",
    "mean": 0.0024888399999996123,
    "stddev": 0.0009527429214631421,
    "median": 0.0023219999999923857,
    "min": 0.0020729999999957727,
    "max": 0.010324999999994589,
    "iterations": 100,
    "opsPerSec": 401793.6066601934
  },
  "Element with 5 children": {
    "name": "Element with 5 children",
    "mean": 0.006855900000001185,
    "stddev": 0.005396915216121842,
    "median": 0.006004000000004339,
    "min": 0.005519000000006713,
    "max": 0.05730700000000866,
    "iterations": 100,
    "opsPerSec": 145859.77041669618
  },
  "Deep tree (depth=5)": {
    "name": "Deep tree (depth=5)",
    "mean": 0.010348660000000507,
    "stddev": 0.04847975564010708,
    "median": 0.004810000000006198,
    "min": 0.004313000000010447,
    "max": 0.49096200000001033,
    "iterations": 100,
    "opsPerSec": 96630.86815104091
  },
  "Wide tree (breadth=20)": {
    "name": "Wide tree (breadth=20)",
    "mean": 0.0200578000000003,
    "stddev": 0.039098385268447874,
    "median": 0.014362000000005537,
    "min": 0.013196000000007757,
    "max": 0.35454599999999914,
    "iterations": 100,
    "opsPerSec": 49855.91640159863
  }
}