{
  "Signal.State set/get (100 ops)": {
    "name": "Signal.State set/get (100 ops)",
    "mean": 0.012637639999999664,
    "stddev": 0.006323195928516437,
    "median": 0.010690999999994233,
    "min": 0.008220999999991818,
    "max": 0.056339000000008355,
    "iterations": 100,
    "opsPerSec": 79128.69807970687
  },
  "Signal.Computed derivation": {
    "name": "Signal.Computed derivation",
    "mean": 0.0101611699999998,
    "stddev": 0.003886017709829543,
    "median": 0.010913000000002171,
    "min": 0.006741000000005215,
    "max": 0.03566000000000713,
    "iterations": 100,
    "opsPerSec": 98413.86375781723
  },
  "Signal.Watcher (100 updates)": {
    "name": "Signal.Watcher (100 updates)",
    "mean": 0.03449513999999994,
    "stddev": 0.05288802464509696,
    "median": 0.02473799999999926,
    "min": 0.021372999999996978,
    "max": 0.40404499999999643,
    "iterations": 100,
    "opsPerSec": 28989.590997456507
  },
  "Simple div element": {
    "name": "Simple div element",
    "mean": 0.002381790000000592,
    "stddev": 0.0007775650107220592,
    "median": 0.002207999999995991,
    "min": 0.002037000000001399,
    "max": 0.00833799999999485,
    "iterations": 100,
    "opsPerSec": 419852.2959621761
  },
  "Element with 5 children": {
    "name": "Element with 5 children",
    "mean": 0.006303950000000782,
    "stddev": 0.004029605103171245,
    "median": 0.005745000000004552,
    "min": 0.0053269999999940865,
    "max": 0.04579200000000583,
    "iterations": 100,
    "opsPerSec": 158630.69979931248
  },
  "Deep tree (depth=5)": {
    "name": "Deep tree (depth=5)",
    "mean": 0.009445420000001122,
    "stddev": 0.03290532763373776,
    "median": 0.004677999999998406,
    "min": 0.0038619999999980337,
    "max": 0.32582700000000386,
    "iterations": 100,
    "opsPerSec": 105871.41704655603
  },
  "Wide tree (breadth=20)": {
    "name": "Wide tree (breadth=20)",
    "mean": 0.018021770000000572,
    "stddev": 0.03635321784487735,
    "median": 0.014319000000000415,
    "min": 0.012360000000001037,
    "max": 0.37820800000000077,
    "iterations": 100,
    "opsPerSec": 55488.44536357795
  }
}