{
  "Signal.State set/get (100 ops)": {
    "name": "Signal.State set/get (100 ops)",
    "mean": 0.018579939999999767,
    "stddev": 0.010900629051408404,
    "median": 0.016603000000003476,
    "min": 0.00942999999999472,
    "max": 0.07632599999999456,
    "iterations": 100,
    "opsPerSec": 53821.48704463053
  },
  "Signal.Computed derivation": {
    "name": "Signal.Computed derivation",
    "mean": 0.013604769999998894,
    "stddev": 0.01100348409809839,
    "median": 0.012940000000000396,
    "min": 0.007840999999999099,
    "max": 0.08691799999999716,
    "iterations": 100,
    "opsPerSec": 73503.63144691761
  },
  "Signal.Watcher (100 updates)": {
    "name": "Signal.Watcher (100 updates)",
    "mean": 0.045201810000000224,
    "stddev": 0.07560077998495701,
    "median": 0.028809000000009632,
    "min": 0.021827999999999292,
    "max": 0.5632769999999994,
    "iterations": 100,
    "opsPerSec": 22123.007906099225
  },
  "Simple div element": {
    "name": "Simple div element",
    "mean": 0.0023891400000006515,
    "stddev": 0.0005204155651019616,
    "median": 0.0022879999999929623,
    "min": 0.002071000000000822,
    "max": 0.005953000000005204,
    "iterations": 100,
    "opsPerSec": 418560.6536242026
  },
  "Element with 5 children": {
    "name": "Element with 5 children",
    "mean": 0.01339067999999955,
    "stddev": 0.06794625841867662,
    "median": 0.005922000000012417,
    "min": 0.004581999999999198,
    "max": 0.6872079999999983,
    "iterations": 100,
    "opsPerSec": 74678.80645344626
  },
  "Deep tree (depth=5)": {
    "name": "Deep tree (depth=5)",
    "mean": 0.01042226000000099,
    "stddev": 0.04105608483297513,
    "median": 0.004987999999997328,
    "min": 0.003665999999995506,
    "max": 0.40839800000000537,
    "iterations": 100,
    "opsPerSec": 95948.4795044362
  },
  "Wide tree (breadth=20)": {
    "name": "Wide tree (breadth=20)",
    "mean": 0.017937339999998442,
    "stddev": 0.0361182687188137,
    "median": 0.013910999999993123,
    "min": 0.013334999999997876,
    "max": 0.37685600000000363,
    "iterations": 100,
    "opsPerSec": 55749.62619876118
  }
}