{
  "Signal.State set/get (100 ops)": {
    "name": "Signal.State set/get (100 ops)",
    "mean": 0.012157169999999553,
    "stddev": 0.0045266688282999765,
    "median": 0.010563000000004763,
    "min": 0.008287000000009925,
    "max": 0.04003299999999399,
    "iterations": 100,
    "opsPerSec": 82255.98556243244
  },
  "Signal.Computed derivation": {
    "name": "Signal.Computed derivation",
    "mean": 0.010480159999999471,
    "stddev": 0.004761968065243427,
    "median": 0.010519000000002166,
    "min": 0.006573000000003049,
    "max": 0.04303099999999915,
    "iterations": 100,
    "opsPerSec": 95418.39055892757
  },
  "Signal.Watcher (100 updates)": {
    "name": "Signal.Watcher (100 updates)",
    "mean": 0.03692250000000016,
    "stddev": 0.06379595578036315,
    "median": 0.02587799999999163,
    "min": 0.021253999999998996,
    "max": 0.49875900000000684,
    "iterations": 100,
    "opsPerSec": 27083.756517028796
  },
  "Simple div element": {
    "name": "Simple div element",
    "mean": 0.002514309999999824,
    "stddev": 0.0009517481462562081,
    "median": 0.002348000000012007,
    "min": 0.0020690000000058717,
    "max": 0.011360000000010473,
    "iterations": 100,
    "opsPerSec": 397723.431080523
  },
  "Element with 5 children": {
    "name": "Element with 5 children",
    "mean": 0.006220780000001156,
    "stddev": 0.004239701155930394,
    "median": 0.005687000000008879,
    "min": 0.005349000000009596,
    "max": 0.04810200000000009,
    "iterations": 100,
    "opsPerSec": 160751.54562608135
  },
  "Deep tree (depth=5)": {
    "name": "Deep tree (depth=5)",
    "mean": 0.012040899999999794,
    "stddev": 0.06705679592114455,
    "median": 0.004704999999987081,
    "min": 0.004386999999994146,
    "max": 0.6783470000000023,
    "iterations": 100,
    "opsPerSec": 83050.27032863135
  },
  "Wide tree (breadth=20)": {
    "name": "Wide tree (breadth=20)",
    "mean": 0.0161145999999998,
    "stddev": 0.027495532420741934,
    "median": 0.012923000000000684,
    "min": 0.012460000000004356,
    "max": 0.28890000000001237,
    "iterations": 100,
    "opsPerSec": 62055.52728581613
  }
}