{
  "Signal.State set/get (100 ops)": {
    "name": "Signal.State set/get (100 ops)",
    "mean": 0.012200749999999587,
    "stddev": 0.004711061978736302,
    "median": 0.010630000000006135,
    "min": 0.008283999999996183,
    "max": 0.04131799999999686,
    "iterations": 100,
    "opsPerSec": 81962.17445649109
  },
  "Signal.Computed derivation": {
    "name": "Signal.Computed derivation",
    "mean": 0.01005700000000033,
    "stddev": 0.005374471782416795,
    "median": 0.009332000000000562,
    "min": 0.006483000000002903,
    "max": 0.0567439999999948,
    "iterations": 100,
    "opsPerSec": 99433.23058565847
  },
  "Signal.Watcher (100 updates)": {
    "name": "Signal.Watcher (100 updates)",
    "mean": 0.03728599000000074,
    "stddev": 0.056048914955330466,
    "median": 0.026834000000008018,
    "min": 0.020862000000008152,
    "max": 0.4460949999999997,
    "iterations": 100,
    "opsPerSec": 26819.72504954221
  },
  "Simple div element": {
    "name": "Simple div element",
    "mean": 0.0024337199999993685,
    "stddev": 0.0004778648361198805,
    "median": 0.002359999999995921,
    "min": 0.002032999999997287,
    "max": 0.005791999999999575,
    "iterations": 100,
    "opsPerSec": 410893.6114262361
  },
  "Element with 5 children": {
    "name": "Element with 5 children",
    "mean": 0.006931339999999295,
    "stddev": 0.007462385676470431,
    "median": 0.005969999999990705,
    "min": 0.0056359999999955335,
    "max": 0.08065499999999304,
    "iterations": 100,
    "opsPerSec": 144272.2475019407
  },
  "Deep tree (depth=5)": {
    "name": "Deep tree (depth=5)",
    "mean": 0.012869669999999757,
    "stddev": 0.06307272831217241,
    "median": 0.005116999999998484,
    "min": 0.004538000000010811,
    "max": 0.6382660000000016,
    "iterations": 100,
    "opsPerSec": 77702.07006084995
  },
  "Wide tree (breadth=20)": {
    "name": "Wide tree (breadth=20)",
    "mean": 0.018245389999999872,
    "stddev": 0.03947234392556284,
    "median": 0.013756000000000768,
    "min": 0.013272000000000617,
    "max": 0.41037500000000193,
    "iterations": 100,
    "opsPerSec": 54808.365291178045
  }
}