{
  "Signal.State set/get (100 ops)": {
    "name": "Signal.State set/get (100 ops)",
    "mean": 0.016851419999999635,
    "stddev": 0.005398844882343176,
    "median": 0.015112000000002013,
    "min": 0.012681000000000608,
    "max": 0.04467700000000008,
    "iterations": 100,
    "opsPerSec": 59342.18006553879
  },
  "Signal.Computed derivation": {
    "name": "Signal.Computed derivation",
    "mean": 0.009664759999999575,
    "stddev": 0.0038067129813529007,
    "median": 0.010065999999994801,
    "min": 0.0061659999999932324,
    "max": 0.03059199999999862,
    "iterations": 100,
    "opsPerSec": 103468.68416805426
  },
  "Signal.Watcher (100 updates)": {
    "name": "Signal.Watcher (100 updates)",
    "mean": 0.09041297999999941,
    "stddev": 0.45511166548382365,
    "median": 0.02953199999998901,
    "min": 0.023144000000002052,
    "max": 4.587119999999999,
    "iterations": 100,
    "opsPerSec": 11060.358811312342
  },
  "Simple div element": {
    "name": "Simple div element",
    "mean": 0.003147310000000516,
    "stddev": 0.0026517277525986765,
    "median": 0.0026539999999926067,
    "min": 0.0024399999999928923,
    "max": 0.024782000000001858,
    "iterations": 100,
    "opsPerSec": 317731.65020281955
  },
  "Element with 5 children": {
    "name": "Element with 5 children",
    "mean": 0.007014969999998755,
    "stddev": 0.0038775798340074654,
    "median": 0.00636399999999071,
    "min": 0.006140000000002033,
    "max": 0.042934999999999945,
    "iterations": 100,
    "opsPerSec": 142552.28461421467
  },
  "Deep tree (depth=5)": {
    "name": "Deep tree (depth=5)",
    "mean": 0.00990038000000027,
    "stddev": 0.04383274391520161,
    "median": 0.0048340000000024475,
    "min": 0.004476999999994291,
    "max": 0.4441400000000044,
    "iterations": 100,
    "opsPerSec": 101006.22400352036
  },
  "Wide tree (breadth=20)": {
    "name": "Wide tree (breadth=20)",
    "mean": 0.021037630000000293,
    "stddev": 0.04363216378468014,
    "median": 0.01388800000000856,
    "min": 0.013286000000007903,
    "max": 0.4353360000000066,
    "iterations": 100,
    "opsPerSec": 47533.87144844672
  }
}