{
  "Signal.State set/get (100 ops)": {
    "name": "Signal.State set/get (100 ops)",
    "mean": 0.02648493999999971,
    "stddev": 0.12975047909459328,
    "median": 0.011658999999994535,
    "min": 0.008283000000005813,
    "max": 1.3160280000000029,
    "iterations": 100,
    "opsPerSec": 37757.30660518811
  },
  "Signal.Computed derivation": {
    "name": "Signal.Computed derivation",
    "mean": 0.009819460000001641,
    "stddev": 0.003962184426348956,
    "median": 0.010134000000007859,
    "min": 0.0065450000000026876,
    "max": 0.03938000000000841,
    "iterations": 100,
    "opsPerSec": 101838.59397561912
  },
  "Signal.Watcher (100 updates)": {
    "name": "Signal.Watcher (100 updates)",
    "mean": 0.03302582000000058,
    "stddev": 0.05111766197145157,
    "median": 0.02316199999999924,
    "min": 0.01974199999999371,
    "max": 0.42249999999999943,
    "iterations": 100,
    "opsPerSec": 30279.339014140525
  },
  "Simple div element": {
    "name": "Simple div element",
    "mean": 0.002227200000000522,
    "stddev": 0.0007332128613158638,
    "median": 0.002078999999994835,
    "min": 0.0018829999999923075,
    "max": 0.008158999999992034,
    "iterations": 100,
    "opsPerSec": 448994.25287345797
  },
  "Element with 5 children": {
    "name": "Element with 5 children",
    "mean": 0.005670920000000024,
    "stddev": 0.0037246838219649214,
    "median": 0.005138000000002307,
    "min": 0.004807999999997037,
    "max": 0.04142300000000887,
    "iterations": 100,
    "opsPerSec": 176338.23083379696
  },
  "Deep tree (depth=5)": {
    "name": "Deep tree (depth=5)",
    "mean": 0.008644610000001478,
    "stddev": 0.029699061023842736,
    "median": 0.004318999999995299,
    "min": 0.004022999999989452,
    "max": 0.29269500000000903,
    "iterations": 100,
    "opsPerSec": 115679.01848664417
  },
  "Wide tree (breadth=20)": {
    "name": "Wide tree (breadth=20)",
    "mean": 0.016392660000000062,
    "stddev": 0.027941572328778808,
    "median": 0.012658000000001834,
    "min": 0.01219199999999887,
    "max": 0.28984599999999716,
    "iterations": 100,
    "opsPerSec": 61002.91227903197
  },
  "Bundle Size": {
    "name": "Bundle Size",
    "size": 20163,
    "sizeKB": "19.7KB",
    "mean": 20163,
    "stddev": 0,
    "median": 20163,
    "min": 20163,
    "max": 20163,
    "iterations": 1,
    "opsPerSec": 0.04959579427664534
  }
}