{
  "Signal.State set/get (100 ops)": {
    "name": "Signal.State set/get (100 ops)",
    "mean": 0.016997220000000226,
    "stddev": 0.005900263669667915,
    "median": 0.014668000000000347,
    "min": 0.012793000000002053,
    "max": 0.04540099999999825,
    "iterations": 100,
    "opsPerSec": 58833.15036223493
  },
  "Signal.Computed derivation": {
    "name": "Signal.Computed derivation",
    "mean": 0.010944850000000202,
    "stddev": 0.004117917132180652,
    "median": 0.01130599999999049,
    "min": 0.007255999999998153,
    "max": 0.032326000000011845,
    "iterations": 100,
    "opsPerSec": 91367.17268852306
  },
  "Signal.Watcher (100 updates)": {
    "name": "Signal.Watcher (100 updates)",
    "mean": 0.05259881000000021,
    "stddev": 0.12255030241600333,
    "median": 0.02709400000000528,
    "min": 0.020701999999999998,
    "max": 1.1478249999999974,
    "iterations": 100,
    "opsPerSec": 19011.836959809472
  },
  "Simple div element": {
    "name": "Simple div element",
    "mean": 0.002698429999999945,
    "stddev": 0.002620350370676019,
    "median": 0.0021469999999936817,
    "min": 0.001810999999989349,
    "max": 0.021990000000002397,
    "iterations": 100,
    "opsPerSec": 370585.85918479273
  },
  "Element with 5 children": {
    "name": "Element with 5 children",
    "mean": 0.005931850000000338,
    "stddev": 0.0037539988262505005,
    "median": 0.0052080000000103155,
    "min": 0.004927999999992494,
    "max": 0.037332999999989624,
    "iterations": 100,
    "opsPerSec": 168581.47121048963
  },
  "Deep tree (depth=5)": {
    "name": "Deep tree (depth=5)",
    "mean": 0.008168059999999998,
    "stddev": 0.03152578187827234,
    "median": 0.004401999999998907,
    "min": 0.004103000000000634,
    "max": 0.31991800000000126,
    "iterations": 100,
    "opsPerSec": 122428.09186024593
  },
  "Wide tree (breadth=20)": {
    "name": "Wide tree (breadth=20)",
    "mean": 0.03274279999999962,
    "stddev": 0.14697268629946134,
    "median": 0.01643500000000131,
    "min": 0.01319100000000617,
    "max": 1.4927299999999946,
    "iterations": 100,
    "opsPerSec": 30541.0655166941
  }
}