{
  "Signal.State set/get (100 ops)": {
    "name": "Signal.State set/get (100 ops)",
    "mean": 0.020849140000000974,
    "stddev": 0.007439762015039707,
    "median": 0.018201000000004797,
    "min": 0.012335999999990577,
    "max": 0.05805800000000261,
    "iterations": 100,
    "opsPerSec": 47963.60905053894
  },
  "Signal.Computed derivation": {
    "name": "Signal.Computed derivation",
    "mean": 0.01104550000000046,
    "stddev": 0.0034946881763619378,
    "median": 0.011510000000001241,
    "min": 0.007725999999991018,
    "max": 0.024551000000002432,
    "iterations": 100,
    "opsPerSec": 90534.60685346597
  },
  "Signal.Watcher (100 updates)": {
    "name": "Signal.Watcher (100 updates)",
    "mean": 0.057807610000000835,
    "stddev": 0.12501064885424046,
    "median": 0.030309000000002584,
    "min": 0.022394000000005576,
    "max": 1.152148000000011,
    "iterations": 100,
    "opsPerSec": 17298.76049191422
  },
  "Simple div element": {
    "name": "Simple div element",
    "mean": 0.002663739999999706,
    "stddev": 0.0019661677172610453,
    "median": 0.0022879999999929623,
    "min": 0.0020549999999985857,
    "max": 0.02033699999999783,
    "iterations": 100,
    "opsPerSec": 375412.01468615944
  },
  "Element with 5 children": {
    "name": "Element with 5 children",
    "mean": 0.006329150000000397,
    "stddev": 0.0036414471913645565,
    "median": 0.005763000000001739,
    "min": 0.005413000000004331,
    "max": 0.0400499999999937,
    "iterations": 100,
    "opsPerSec": 157999.0994051235
  },
  "Deep tree (depth=5)": {
    "name": "Deep tree (depth=5)",
    "mean": 0.00815285000000003,
    "stddev": 0.031306255886124346,
    "median": 0.0044790000000034524,
    "min": 0.004126999999996883,
    "max": 0.31815699999999936,
    "iterations": 100,
    "opsPerSec": 122656.4943547344
  },
  "Wide tree (breadth=20)": {
    "name": "Wide tree (breadth=20)",
    "mean": 0.022030079999999258,
    "stddev": 0.041225665046832394,
    "median": 0.01483900000000915,
    "min": 0.013497999999998456,
    "max": 0.36802000000000135,
    "iterations": 100,
    "opsPerSec": 45392.481552497025
  }
}