{
  "Signal.State set/get (100 ops)": {
    "name": "Signal.State set/get (100 ops)",
    "mean": 0.013098259999999442,
    "stddev": 0.005410124849982773,
    "median": 0.01130399999999554,
    "min": 0.008964999999989232,
    "max": 0.049014999999997144,
    "iterations": 100,
    "opsPerSec": 76346.01847879357
  },
  "Signal.Computed derivation": {
    "name": "Signal.Computed derivation",
    "mean": 0.010516600000000266,
    "stddev": 0.004544346170792207,
    "median": 0.008659999999991896,
    "min": 0.007100999999991586,
    "max": 0.0365499999999912,
    "iterations": 100,
    "opsPerSec": 95087.766008023
  },
  "Signal.Watcher (100 updates)": {
    "name": "Signal.Watcher (100 updates)",
    "mean": 0.03597719000000026,
    "stddev": 0.05315168873115821,
    "median": 0.025776999999990835,
    "min": 0.020600999999999203,
    "max": 0.41517600000000243,
    "iterations": 100,
    "opsPerSec": 27795.38924524102
  },
  "Simple div element": {
    "name": "Simple div element",
    "mean": 0.00231521999999984,
    "stddev": 0.0006580423174843373,
    "median": 0.00216700000000003,
    "min": 0.0019209999999958427,
    "max": 0.007169000000004644,
    "iterations": 100,
    "opsPerSec": 431924.3959537621
  },
  "Element with 5 children": {
    "name": "Element with 5 children",
    "mean": 0.005969259999999252,
    "stddev": 0.003853125135834078,
    "median": 0.005459000000001879,
    "min": 0.005136000000007357,
    "max": 0.04393899999999462,
    "iterations": 100,
    "opsPerSec": 167524.95284174677
  },
  "Deep tree (depth=5)": {
    "name": "Deep tree (depth=5)",
    "mean": 0.01701240000000013,
    "stddev": 0.08571864374685288,
    "median": 0.004655999999997107,
    "min": 0.003525999999993701,
    "max": 0.650195999999994,
    "iterations": 100,
    "opsPerSec": 58780.65411111851
  },
  "Wide tree (breadth=20)": {
    "name": "Wide tree (breadth=20)",
    "mean": 0.0196698099999999,
    "stddev": 0.04639458656625632,
    "median": 0.013848000000010074,
    "min": 0.01336700000000235,
    "max": 0.47898499999999444,
    "iterations": 100,
    "opsPerSec": 50839.331950842694
  }
}